group_column,group_a,group_b,n_a,n_b,mean_a,mean_b,mean_difference_a_minus_b,ci_95_low,ci_95_high,welch_t,p_value,hedges_g
Drivetrain inferred,AWD,4WD / 4x4,1687,1366,10.342560758743332,12.897144948755491,-2.554584190012159,-2.7186724658444246,-2.3904959141798936,-30.52827044911289,4.098275090952694e-174,-1.143394434364869
Fuel type,D,X,236,4754,9.344491525423729,10.05391249474127,-0.7094209693175415,-0.9062890239950431,-0.5125529146400399,-7.090544896416317,9.113577322970586e-12,-0.29108374111886803
Manufacturer country,Japan,United States,2108,3407,9.23828273244782,12.022747285001467,-2.784464552553647,-2.917514532062495,-2.651414573044799,-41.02775108570779,0.0,-1.0837797432289735
